"","survived","pclass","sex","age","sibsp","parch","fare","embarked","class","who","adult_male","deck","embark_town","alive","alone"
"1",1,1,"female",35,0,0,512.3292,"C","First","woman","False","","Cherbourg","yes","True"
"2",1,1,"male",36,0,1,512.3292,"C","First","man","True","B","Cherbourg","yes","False"
"3",1,1,"male",35,0,0,512.3292,"C","First","man","True","B","Cherbourg","yes","True"
"4",0,1,"male",19,3,2,263,"S","First","man","True","C","Southampton","no","False"
"5",1,1,"female",23,3,2,263,"S","First","woman","False","C","Southampton","yes","False"
"6",1,1,"female",24,3,2,263,"S","First","woman","False","C","Southampton","yes","False"
"7",0,1,"male",64,1,4,263,"S","First","man","True","C","Southampton","no","False"
"8",1,1,"female",18,2,2,262.375,"C","First","woman","False","B","Cherbourg","yes","False"
"9",1,1,"female",21,2,2,262.375,"C","First","woman","False","B","Cherbourg","yes","False"
"10",0,1,"male",24,0,1,247.5208,"C","First","man","True","B","Cherbourg","no","False"
"11",1,1,"female",50,0,1,247.5208,"C","First","woman","False","B","Cherbourg","yes","False"
"12",1,1,"female",42,0,0,227.525,"C","First","woman","False","","Cherbourg","yes","True"
"13",0,1,"male",NA,0,0,227.525,"C","First","man","True","","Cherbourg","no","True"
"14",1,1,"female",18,1,0,227.525,"C","First","woman","False","C","Cherbourg","yes","False"
"15",1,1,"female",38,0,0,227.525,"C","First","woman","False","C","Cherbourg","yes","True"
"16",0,1,"male",NA,0,0,221.7792,"S","First","man","True","C","Southampton","no","True"
"17",0,1,"male",27,0,2,211.5,"C","First","man","True","C","Cherbourg","no","False"
"18",1,1,"female",15,0,1,211.3375,"S","First","child","False","B","Southampton","yes","False"
"19",1,1,"female",29,0,0,211.3375,"S","First","woman","False","B","Southampton","yes","True"
"20",1,1,"female",43,0,1,211.3375,"S","First","woman","False","B","Southampton","yes","False"
"21",1,1,"female",31,0,2,164.8667,"S","First","woman","False","C","Southampton","yes","False"
"22",1,1,"female",45,1,1,164.8667,"S","First","woman","False","","Southampton","yes","False"
"23",1,1,"female",58,0,1,153.4625,"S","First","woman","False","C","Southampton","yes","False"
"24",0,1,"male",38,0,1,153.4625,"S","First","man","True","C","Southampton","no","False"
"25",1,1,"female",40,0,0,153.4625,"S","First","woman","False","C","Southampton","yes","True"
"26",0,1,"female",2,1,2,151.55,"S","First","child","False","C","Southampton","no","False"
"27",1,1,"male",0.92,1,2,151.55,"S","First","child","False","C","Southampton","yes","False"
"28",0,1,"female",25,1,2,151.55,"S","First","woman","False","C","Southampton","no","False"
"29",1,1,"female",22,0,0,151.55,"S","First","woman","False","","Southampton","yes","True"
"30",1,1,"female",NA,1,0,146.5208,"C","First","woman","False","B","Cherbourg","yes","False"
"31",1,1,"female",58,0,0,146.5208,"C","First","woman","False","B","Cherbourg","yes","True"
"32",1,1,"female",35,0,0,135.6333,"S","First","woman","False","C","Southampton","yes","True"
"33",1,1,"female",36,0,0,135.6333,"C","First","woman","False","C","Cherbourg","yes","True"
"34",0,1,"male",22,0,0,135.6333,"C","First","man","True","","Cherbourg","no","True"
"35",1,1,"female",40,1,1,134.5,"C","First","woman","False","E","Cherbourg","yes","False"
"36",1,1,"female",41,0,0,134.5,"C","First","woman","False","E","Cherbourg","yes","True"
"37",1,1,"female",NA,1,0,133.65,"S","First","woman","False","","Southampton","yes","False"
"38",1,1,"male",50,2,0,133.65,"S","First","man","True","","Southampton","yes","False"
"39",1,1,"male",36,1,2,120,"S","First","man","True","B","Southampton","yes","False"
"40",1,1,"female",14,1,2,120,"S","First","child","False","B","Southampton","yes","False"
"41",1,1,"female",36,1,2,120,"S","First","woman","False","B","Southampton","yes","False"
"42",1,1,"male",11,1,2,120,"S","First","child","False","B","Southampton","yes","False"
"43",1,1,"female",31,1,0,113.275,"C","First","woman","False","D","Cherbourg","yes","False"
"44",1,1,"female",23,1,0,113.275,"C","First","woman","False","D","Cherbourg","yes","False"
"45",0,1,"male",58,0,2,113.275,"C","First","man","True","D","Cherbourg","no","False"
"46",1,1,"female",NA,0,0,110.8833,"C","First","woman","False","","Cherbourg","yes","True"
"47",1,1,"male",17,0,2,110.8833,"C","First","man","True","C","Cherbourg","yes","False"
"48",1,1,"female",39,1,1,110.8833,"C","First","woman","False","C","Cherbourg","yes","False"
"49",0,1,"male",49,1,1,110.8833,"C","First","man","True","C","Cherbourg","no","False"
"50",1,1,"female",17,1,0,108.9,"C","First","woman","False","C","Cherbourg","yes","False"
"51",0,1,"male",18,1,0,108.9,"C","First","man","True","C","Cherbourg","no","False"
"52",1,1,"female",30,0,0,106.425,"C","First","woman","False","","Cherbourg","yes","True"
"53",0,1,"male",50,1,0,106.425,"C","First","man","True","C","Cherbourg","no","False"
"54",1,1,"female",30,0,0,93.5,"S","First","woman","False","B","Southampton","yes","True"
"55",1,1,"female",52,1,1,93.5,"S","First","woman","False","B","Southampton","yes","False"
"56",1,1,"female",19,1,0,91.0792,"C","First","woman","False","B","Cherbourg","yes","False"
"57",1,1,"male",25,1,0,91.0792,"C","First","man","True","B","Cherbourg","yes","False"
"58",1,1,"male",38,1,0,90,"S","First","man","True","C","Southampton","yes","False"
"59",0,1,"male",44,2,0,90,"Q","First","man","True","C","Queenstown","no","False"
"60",1,1,"female",33,1,0,90,"Q","First","woman","False","C","Queenstown","yes","False"
"61",1,1,"female",35,1,0,90,"S","First","woman","False","C","Southampton","yes","False"
"62",1,1,"male",49,1,0,89.1042,"C","First","man","True","C","Cherbourg","yes","False"
"63",1,1,"female",NA,1,0,89.1042,"C","First","woman","False","C","Cherbourg","yes","False"
"64",1,1,"female",30,0,0,86.5,"S","First","woman","False","B","Southampton","yes","True"
"65",1,1,"female",16,0,0,86.5,"S","First","woman","False","B","Southampton","yes","True"
"66",1,1,"female",33,0,0,86.5,"S","First","woman","False","B","Southampton","yes","True"
"67",0,1,"male",45,1,0,83.475,"S","First","man","True","C","Southampton","no","False"
"68",1,1,"female",35,1,0,83.475,"S","First","woman","False","C","Southampton","yes","False"
"69",1,1,"female",24,0,0,83.1583,"C","First","woman","False","C","Cherbourg","yes","True"
"70",1,1,"female",39,1,1,83.1583,"C","First","woman","False","E","Cherbourg","yes","False"
"71",1,1,"female",56,0,1,83.1583,"C","First","woman","False","C","Cherbourg","yes","False"
"72",0,1,"male",28,1,0,82.1708,"C","First","man","True","","Cherbourg","no","False"
"73",1,1,"female",NA,1,0,82.1708,"C","First","woman","False","","Cherbourg","yes","False"
"74",1,1,"male",4,0,2,81.8583,"S","First","child","False","A","Southampton","yes","False"
"75",1,1,"female",38,0,0,80,"","First","woman","False","B","","yes","True"
"76",1,1,"female",62,0,0,80,"","First","woman","False","B","","yes","True"
"77",0,1,"male",52,1,1,79.65,"S","First","man","True","E","Southampton","no","False"
"78",1,1,"female",39,1,1,79.65,"S","First","woman","False","E","Southampton","yes","False"
"79",1,1,"female",18,0,2,79.65,"S","First","woman","False","E","Southampton","yes","False"
"80",0,1,"male",24,0,0,79.2,"C","First","man","True","B","Cherbourg","no","True"
"81",1,1,"female",NA,0,0,79.2,"C","First","woman","False","","Cherbourg","yes","True"
"82",1,1,"male",60,1,1,79.2,"C","First","man","True","B","Cherbourg","yes","False"
"83",0,1,"male",46,0,0,79.2,"C","First","man","True","B","Cherbourg","no","True"
"84",1,1,"female",26,0,0,78.85,"S","First","woman","False","","Southampton","yes","True"
"85",0,1,"male",36,1,0,78.85,"S","First","man","True","C","Southampton","no","False"
"86",1,1,"female",54,1,0,78.2667,"C","First","woman","False","D","Cherbourg","yes","False"
"87",1,1,"female",52,1,0,78.2667,"C","First","woman","False","D","Cherbourg","yes","False"
"88",1,1,"female",63,1,0,77.9583,"S","First","woman","False","D","Southampton","yes","False"
"89",1,1,"female",21,0,0,77.9583,"S","First","woman","False","D","Southampton","yes","True"
"90",1,1,"female",51,1,0,77.9583,"S","First","woman","False","D","Southampton","yes","False"
"91",0,1,"male",21,0,1,77.2875,"S","First","man","True","D","Southampton","no","False"
"92",0,1,"male",54,0,1,77.2875,"S","First","man","True","D","Southampton","no","False"
"93",1,1,"female",49,1,0,76.7292,"C","First","woman","False","D","Cherbourg","yes","False"
"94",1,1,"male",48,1,0,76.7292,"C","First","man","True","D","Cherbourg","yes","False"
"95",1,1,"male",27,0,0,76.7292,"C","First","man","True","D","Cherbourg","yes","True"
"96",1,1,"female",32,0,0,76.2917,"C","First","woman","False","D","Cherbourg","yes","True"
"97",1,1,"female",60,1,0,75.25,"C","First","woman","False","D","Cherbourg","yes","False"
"98",0,2,"male",21,0,0,73.5,"S","Second","man","True","","Southampton","no","True"
"99",0,2,"male",21,2,0,73.5,"S","Second","man","True","","Southampton","no","False"
"100",0,2,"male",18,0,0,73.5,"S","Second","man","True","","Southampton","no","True"
"101",0,2,"male",24,2,0,73.5,"S","Second","man","True","","Southampton","no","False"
"102",0,2,"male",32,2,0,73.5,"S","Second","man","True","","Southampton","no","False"
"103",1,1,"female",38,1,0,71.2833,"C","First","woman","False","C","Cherbourg","yes","False"
"104",1,1,"female",36,0,2,71,"S","First","woman","False","B","Southampton","yes","False"
"105",0,1,"male",70,1,1,71,"S","First","man","True","B","Southampton","no","False"
"106",0,3,"male",NA,8,2,69.55,"S","Third","man","True","","Southampton","no","False"
"107",0,3,"female",NA,8,2,69.55,"S","Third","woman","False","","Southampton","no","False"
"108",0,3,"male",NA,8,2,69.55,"S","Third","man","True","","Southampton","no","False"
"109",0,3,"male",NA,8,2,69.55,"S","Third","man","True","","Southampton","no","False"
"110",0,3,"female",NA,8,2,69.55,"S","Third","woman","False","","Southampton","no","False"
"111",0,3,"male",NA,8,2,69.55,"S","Third","man","True","","Southampton","no","False"
"112",0,3,"female",NA,8,2,69.55,"S","Third","woman","False","","Southampton","no","False"
"113",1,1,"female",24,0,0,69.3,"C","First","woman","False","B","Cherbourg","yes","True"
"114",1,1,"female",24,0,0,69.3,"C","First","woman","False","B","Cherbourg","yes","True"
"115",1,1,"female",22,1,0,66.6,"S","First","woman","False","C","Southampton","yes","False"
"116",0,1,"male",29,1,0,66.6,"S","First","man","True","C","Southampton","no","False"
"117",1,2,"female",24,1,2,65,"S","Second","woman","False","","Southampton","yes","False"
"118",1,2,"female",48,1,2,65,"S","Second","woman","False","","Southampton","yes","False"
"119",1,1,"male",23,0,1,63.3583,"C","First","man","True","D","Cherbourg","yes","False"
"120",0,1,"male",65,0,1,61.9792,"C","First","man","True","B","Cherbourg","no","False"
"121",0,1,"male",51,0,1,61.3792,"C","First","man","True","","Cherbourg","no","False"
"122",0,1,"male",46,1,0,61.175,"S","First","man","True","E","Southampton","no","False"
"123",1,1,"female",54,1,0,59.4,"C","First","woman","False","","Cherbourg","yes","False"
"124",1,1,"female",16,0,1,57.9792,"C","First","woman","False","B","Cherbourg","yes","False"
"125",1,1,"female",44,0,1,57.9792,"C","First","woman","False","B","Cherbourg","yes","False"
"126",1,1,"male",31,1,0,57,"S","First","man","True","B","Southampton","yes","False"
"127",1,1,"female",17,1,0,57,"S","First","woman","False","B","Southampton","yes","False"
"128",1,1,"female",30,0,0,56.9292,"C","First","woman","False","E","Cherbourg","yes","True"
"129",1,1,"male",49,1,0,56.9292,"C","First","man","True","A","Cherbourg","yes","False"
"130",1,3,"male",32,0,0,56.4958,"S","Third","man","True","","Southampton","yes","True"
"131",0,3,"male",28,0,0,56.4958,"S","Third","man","True","","Southampton","no","True"
"132",1,3,"male",26,0,0,56.4958,"S","Third","man","True","","Southampton","yes","True"
"133",1,3,"male",NA,0,0,56.4958,"S","Third","man","True","","Southampton","yes","True"
"134",1,3,"male",NA,0,0,56.4958,"S","Third","man","True","","Southampton","yes","True"
"135",0,3,"male",NA,0,0,56.4958,"S","Third","man","True","","Southampton","no","True"
"136",1,3,"male",32,0,0,56.4958,"S","Third","man","True","","Southampton","yes","True"
"137",0,1,"male",50,1,0,55.9,"S","First","man","True","E","Southampton","no","False"
"138",1,1,"female",39,1,0,55.9,"S","First","woman","False","E","Southampton","yes","False"
"139",1,1,"male",25,1,0,55.4417,"C","First","man","True","E","Cherbourg","yes","False"
"140",1,1,"female",NA,0,1,55,"S","First","woman","False","E","Southampton","yes","False"
"141",1,1,"female",22,0,1,55,"S","First","woman","False","E","Southampton","yes","False"
"142",1,1,"female",35,1,0,53.1,"S","First","woman","False","C","Southampton","yes","False"
"143",0,1,"male",37,1,0,53.1,"S","First","man","True","C","Southampton","no","False"
"144",1,1,"male",27,1,0,53.1,"S","First","man","True","E","Southampton","yes","False"
"145",0,1,"male",19,1,0,53.1,"S","First","man","True","D","Southampton","no","False"
"146",1,1,"female",33,1,0,53.1,"S","First","woman","False","E","Southampton","yes","False"
"147",1,1,"male",37,1,1,52.5542,"S","First","man","True","D","Southampton","yes","False"
"148",1,1,"male",42,1,0,52.5542,"S","First","man","True","D","Southampton","yes","False"
"149",1,1,"female",47,1,1,52.5542,"S","First","woman","False","D","Southampton","yes","False"
"150",0,1,"male",42,1,0,52,"S","First","man","True","","Southampton","no","False"
"151",0,1,"male",47,0,0,52,"S","First","man","True","C","Southampton","no","True"
"152",1,1,"female",35,1,0,52,"S","First","woman","False","","Southampton","yes","False"
"153",0,1,"male",NA,0,0,52,"S","First","man","True","A","Southampton","no","True"
"154",1,1,"female",NA,1,0,52,"S","First","woman","False","C","Southampton","yes","False"
"155",0,1,"male",31,1,0,52,"S","First","man","True","B","Southampton","no","False"
"156",1,1,"male",48,1,0,52,"S","First","man","True","C","Southampton","yes","False"
"157",0,1,"male",54,0,0,51.8625,"S","First","man","True","E","Southampton","no","True"
"158",1,1,"female",NA,1,0,51.8625,"S","First","woman","False","D","Southampton","yes","False"
"159",1,1,"female",53,2,0,51.4792,"S","First","woman","False","C","Southampton","yes","False"
"160",0,1,"male",31,0,0,50.4958,"S","First","man","True","A","Southampton","no","True"
"161",0,1,"male",NA,0,0,50,"S","First","man","True","A","Southampton","no","True"
"162",0,1,"male",71,0,0,49.5042,"C","First","man","True","","Cherbourg","no","True"
"163",1,1,"female",24,0,0,49.5042,"C","First","woman","False","C","Cherbourg","yes","True"
"164",1,1,"female",22,0,2,49.5,"C","First","woman","False","B","Cherbourg","yes","False"
"165",0,1,"male",28,0,0,47.1,"S","First","man","True","","Southampton","no","True"
"166",0,3,"male",11,5,2,46.9,"S","Third","child","False","","Southampton","no","False"
"167",0,3,"female",16,5,2,46.9,"S","Third","woman","False","","Southampton","no","False"
"168",0,3,"male",1,5,2,46.9,"S","Third","child","False","","Southampton","no","False"
"169",0,3,"male",9,5,2,46.9,"S","Third","child","False","","Southampton","no","False"
"170",0,3,"female",43,1,6,46.9,"S","Third","woman","False","","Southampton","no","False"
"171",0,3,"male",14,5,2,46.9,"S","Third","child","False","","Southampton","no","False"
"172",0,1,"male",NA,0,0,42.4,"S","First","man","True","","Southampton","no","True"
"173",1,2,"female",3,1,2,41.5792,"C","Second","child","False","","Cherbourg","yes","False"
"174",1,2,"female",22,1,2,41.5792,"C","Second","woman","False","","Cherbourg","yes","False"
"175",0,2,"male",25,1,2,41.5792,"C","Second","man","True","","Cherbourg","no","False"
"176",0,1,"male",36,0,0,40.125,"C","First","man","True","A","Cherbourg","no","True"
"177",0,3,"male",7,4,1,39.6875,"S","Third","child","False","","Southampton","no","False"
"178",0,3,"male",1,4,1,39.6875,"S","Third","child","False","","Southampton","no","False"
"179",0,3,"male",16,4,1,39.6875,"S","Third","man","True","","Southampton","no","False"
"180",0,3,"female",41,0,5,39.6875,"S","Third","woman","False","","Southampton","no","False"
"181",0,3,"male",14,4,1,39.6875,"S","Third","child","False","","Southampton","no","False"
"182",0,3,"male",2,4,1,39.6875,"S","Third","child","False","","Southampton","no","False"
"183",1,1,"female",48,1,0,39.6,"C","First","woman","False","A","Cherbourg","yes","False"
"184",0,1,"male",NA,0,0,39.6,"C","First","man","True","","Cherbourg","no","True"
"185",1,1,"female",16,0,1,39.4,"S","First","woman","False","D","Southampton","yes","False"
"186",1,2,"male",1,2,1,39,"S","Second","child","False","F","Southampton","yes","False"
"187",1,2,"female",4,2,1,39,"S","Second","child","False","F","Southampton","yes","False"
"188",1,2,"female",40,1,1,39,"S","Second","woman","False","","Southampton","yes","False"
"189",0,2,"male",60,1,1,39,"S","Second","man","True","","Southampton","no","False"
"190",0,1,"male",47,0,0,38.5,"S","First","man","True","E","Southampton","no","True"
"191",0,2,"male",31,1,1,37.0042,"C","Second","man","True","","Cherbourg","no","False"
"192",1,2,"male",1,0,2,37.0042,"C","Second","child","False","","Cherbourg","yes","False"
"193",0,2,"male",19,1,1,36.75,"S","Second","man","True","","Southampton","no","False"
"194",1,2,"male",8,1,1,36.75,"S","Second","child","False","","Southampton","yes","False"
"195",1,1,"male",28,0,0,35.5,"S","First","man","True","A","Southampton","yes","True"
"196",1,1,"male",NA,0,0,35.5,"S","First","man","True","C","Southampton","yes","True"
"197",0,1,"male",45,0,0,35.5,"S","First","man","True","","Southampton","no","True"
"198",1,1,"male",56,0,0,35.5,"C","First","man","True","A","Cherbourg","yes","True"
"199",0,1,"male",NA,0,0,35,"S","First","man","True","C","Southampton","no","True"
"200",0,1,"male",71,0,0,34.6542,"C","First","man","True","A","Cherbourg","no","True"
"201",0,3,"male",16,1,3,34.375,"S","Third","man","True","","Southampton","no","False"
"202",0,3,"female",9,2,2,34.375,"S","Third","child","False","","Southampton","no","False"
"203",0,3,"female",21,2,2,34.375,"S","Third","woman","False","","Southampton","no","False"
"204",0,3,"female",48,1,3,34.375,"S","Third","woman","False","","Southampton","no","False"
"205",0,1,"male",47,0,0,34.0208,"S","First","man","True","D","Southampton","no","True"
"206",0,1,"male",61,0,0,33.5,"S","First","man","True","B","Southampton","no","True"
"207",1,2,"female",NA,0,0,33,"S","Second","woman","False","","Southampton","yes","True"
"208",1,2,"female",6,0,1,33,"S","Second","child","False","","Southampton","yes","False"
"209",0,2,"male",28,0,1,33,"S","Second","man","True","","Southampton","no","False"
"210",1,2,"female",34,1,1,32.5,"S","Second","woman","False","","Southampton","yes","False"
"211",0,1,"male",61,0,0,32.3208,"S","First","man","True","D","Southampton","no","True"
"212",1,3,"female",38,1,5,31.3875,"S","Third","woman","False","","Southampton","yes","False"
"213",0,3,"male",9,4,2,31.3875,"S","Third","child","False","","Southampton","no","False"
"214",1,3,"female",5,4,2,31.3875,"S","Third","child","False","","Southampton","yes","False"
"215",1,3,"male",3,4,2,31.3875,"S","Third","child","False","","Southampton","yes","False"
"216",0,3,"male",39,1,5,31.275,"S","Third","man","True","","Southampton","no","False"
"217",0,3,"female",2,4,2,31.275,"S","Third","child","False","","Southampton","no","False"
"218",0,3,"female",9,4,2,31.275,"S","Third","child","False","","Southampton","no","False"
"219",0,3,"female",11,4,2,31.275,"S","Third","child","False","","Southampton","no","False"
"220",0,3,"female",39,1,5,31.275,"S","Third","woman","False","","Southampton","no","False"
"221",0,3,"female",6,4,2,31.275,"S","Third","child","False","","Southampton","no","False"
"222",0,3,"male",4,4,2,31.275,"S","Third","child","False","","Southampton","no","False"
"223",1,1,"male",40,0,0,31,"C","First","man","True","A","Cherbourg","yes","True"
"224",0,1,"male",NA,0,0,31,"S","First","man","True","","Southampton","no","True"
"225",1,1,"female",30,0,0,31,"C","First","woman","False","","Cherbourg","yes","True"
"226",0,1,"male",56,0,0,30.6958,"C","First","man","True","A","Cherbourg","no","True"
"227",0,1,"male",NA,0,0,30.6958,"C","First","man","True","","Cherbourg","no","True"
"228",1,1,"male",NA,0,0,30.5,"S","First","man","True","C","Southampton","yes","True"
"229",1,1,"male",52,0,0,30.5,"S","First","man","True","C","Southampton","yes","True"
"230",0,1,"male",55,0,0,30.5,"S","First","man","True","C","Southampton","no","True"
"231",1,1,"male",27,0,0,30.5,"S","First","man","True","","Southampton","yes","True"
"232",1,1,"male",32,0,0,30.5,"C","First","man","True","B","Cherbourg","yes","True"
"233",1,2,"female",14,1,0,30.0708,"C","Second","child","False","","Cherbourg","yes","False"
"234",0,2,"male",32.5,1,0,30.0708,"C","Second","man","True","","Cherbourg","no","False"
"235",1,2,"female",25,1,1,30,"S","Second","woman","False","","Southampton","yes","False"
"236",1,1,"male",80,0,0,30,"S","First","man","True","A","Southampton","yes","True"
"237",1,1,"male",NA,0,0,30,"S","First","man","True","D","Southampton","yes","True"
"238",0,1,"male",29,0,0,30,"S","First","man","True","D","Southampton","no","True"
"239",1,1,"female",19,0,0,30,"S","First","woman","False","B","Southampton","yes","True"
"240",1,1,"male",26,0,0,30,"C","First","man","True","C","Cherbourg","yes","True"
"241",0,1,"male",37,0,1,29.7,"C","First","man","True","C","Cherbourg","no","False"
"242",0,1,"male",58,0,0,29.7,"C","First","man","True","B","Cherbourg","no","True"
"243",1,1,"male",NA,0,0,29.7,"C","First","man","True","C","Cherbourg","yes","True"
"244",0,3,"male",2,4,1,29.125,"Q","Third","child","False","","Queenstown","no","False"
"245",0,3,"male",4,4,1,29.125,"Q","Third","child","False","","Queenstown","no","False"
"246",0,3,"male",7,4,1,29.125,"Q","Third","child","False","","Queenstown","no","False"
"247",0,3,"male",8,4,1,29.125,"Q","Third","child","False","","Queenstown","no","False"
"248",0,3,"female",39,0,5,29.125,"Q","Third","woman","False","","Queenstown","no","False"
"249",1,2,"male",0.83,0,2,29,"S","Second","child","False","","Southampton","yes","False"
"250",1,2,"female",22,1,1,29,"S","Second","woman","False","","Southampton","yes","False"
"251",0,1,"female",50,0,0,28.7125,"C","First","woman","False","C","Cherbourg","no","True"
"252",0,1,"male",45.5,0,0,28.5,"S","First","man","True","C","Southampton","no","True"
"253",0,3,"male",4,3,2,27.9,"S","Third","child","False","","Southampton","no","False"
"254",0,3,"female",45,1,4,27.9,"S","Third","woman","False","","Southampton","no","False"
"255",0,3,"male",40,1,4,27.9,"S","Third","man","True","","Southampton","no","False"
"256",0,3,"female",9,3,2,27.9,"S","Third","child","False","","Southampton","no","False"
"257",0,3,"female",2,3,2,27.9,"S","Third","child","False","","Southampton","no","False"
"258",0,3,"male",10,3,2,27.9,"S","Third","child","False","","Southampton","no","False"
"259",1,2,"female",5,1,2,27.75,"S","Second","child","False","","Southampton","yes","False"
"260",0,2,"male",36,1,2,27.75,"S","Second","man","True","","Southampton","no","False"
"261",0,1,"male",30,0,0,27.75,"C","First","man","True","C","Cherbourg","no","True"
"262",1,2,"female",33,1,2,27.75,"S","Second","woman","False","","Southampton","yes","False"
"263",0,1,"male",40,0,0,27.7208,"C","First","man","True","","Cherbourg","no","True"
"264",0,1,"male",NA,0,0,27.7208,"C","First","man","True","","Cherbourg","no","True"
"265",1,1,"female",44,0,0,27.7208,"C","First","woman","False","B","Cherbourg","yes","True"
"266",0,1,"male",NA,0,0,27.7208,"C","First","man","True","","Cherbourg","no","True"
"267",0,2,"male",29,1,0,27.7208,"C","Second","man","True","","Cherbourg","no","False"
"268",0,2,"male",42,1,0,27,"S","Second","man","True","","Southampton","no","False"
"269",1,2,"female",24,2,1,27,"S","Second","woman","False","","Southampton","yes","False"
"270",1,1,"female",58,0,0,26.55,"S","First","woman","False","C","Southampton","yes","True"
"271",1,1,"male",45,0,0,26.55,"S","First","man","True","","Southampton","yes","True"
"272",0,1,"male",62,0,0,26.55,"S","First","man","True","C","Southampton","no","True"
"273",1,1,"male",28,0,0,26.55,"S","First","man","True","C","Southampton","yes","True"
"274",1,1,"male",34,0,0,26.55,"S","First","man","True","","Southampton","yes","True"
"275",0,1,"male",65,0,0,26.55,"S","First","man","True","E","Southampton","no","True"
"276",1,1,"male",48,0,0,26.55,"S","First","man","True","E","Southampton","yes","True"
"277",0,1,"male",56,0,0,26.55,"S","First","man","True","","Southampton","no","True"
"278",1,1,"male",NA,0,0,26.55,"S","First","man","True","","Southampton","yes","True"
"279",0,1,"male",45,0,0,26.55,"S","First","man","True","B","Southampton","no","True"
"280",0,1,"male",62,0,0,26.55,"S","First","man","True","","Southampton","no","True"
"281",1,1,"male",35,0,0,26.55,"C","First","man","True","","Cherbourg","yes","True"
"282",0,1,"male",60,0,0,26.55,"S","First","man","True","","Southampton","no","True"
"283",0,1,"male",NA,0,0,26.55,"S","First","man","True","C","Southampton","no","True"
"284",1,1,"male",51,0,0,26.55,"S","First","man","True","E","Southampton","yes","True"
"285",1,1,"male",36,0,0,26.3875,"S","First","man","True","E","Southampton","yes","True"
"286",1,1,"male",36,0,0,26.2875,"S","First","man","True","E","Southampton","yes","True"
"287",1,1,"male",35,0,0,26.2875,"S","First","man","True","E","Southampton","yes","True"
"288",1,1,"male",42,0,0,26.2875,"S","First","man","True","E","Southampton","yes","True"
"289",1,1,"female",19,0,2,26.2833,"S","First","woman","False","D","Southampton","yes","False"
"290",1,2,"female",8,0,2,26.25,"S","Second","child","False","","Southampton","yes","False"
"291",0,2,"male",43,1,1,26.25,"S","Second","man","True","","Southampton","no","False"
"292",1,2,"female",45,1,1,26.25,"S","Second","woman","False","","Southampton","yes","False"
"293",1,2,"female",7,0,2,26.25,"S","Second","child","False","","Southampton","yes","False"
"294",0,2,"male",31,1,1,26.25,"S","Second","man","True","","Southampton","no","False"
"295",1,2,"female",31,1,1,26.25,"S","Second","woman","False","","Southampton","yes","False"
"296",0,2,"male",35,0,0,26,"S","Second","man","True","","Southampton","no","True"
"297",1,2,"female",29,1,0,26,"S","Second","woman","False","","Southampton","yes","False"
"298",0,2,"male",34,1,0,26,"S","Second","man","True","","Southampton","no","False"
"299",1,2,"female",29,1,0,26,"S","Second","woman","False","","Southampton","yes","False"
"300",0,2,"male",36.5,0,2,26,"S","Second","man","True","F","Southampton","no","False"
"301",1,2,"male",3,1,1,26,"S","Second","child","False","F","Southampton","yes","False"
"302",0,2,"male",44,1,0,26,"S","Second","man","True","","Southampton","no","False"
"303",0,2,"male",54,1,0,26,"S","Second","man","True","","Southampton","no","False"
"304",1,2,"female",50,0,1,26,"S","Second","woman","False","","Southampton","yes","False"
"305",0,1,"male",NA,0,0,26,"S","First","man","True","A","Southampton","no","True"
"306",0,2,"female",26,1,1,26,"S","Second","woman","False","","Southampton","no","False"
"307",1,2,"female",24,1,0,26,"S","Second","woman","False","","Southampton","yes","False"
"308",1,2,"male",2,1,1,26,"S","Second","child","False","F","Southampton","yes","False"
"309",0,2,"male",46,0,0,26,"S","Second","man","True","","Southampton","no","True"
"310",1,2,"female",28,1,0,26,"S","Second","woman","False","","Southampton","yes","False"
"311",1,2,"female",19,0,0,26,"S","Second","woman","False","","Southampton","yes","True"
"312",1,2,"female",42,1,0,26,"S","Second","woman","False","","Southampton","yes","False"
"313",1,2,"female",33,0,2,26,"S","Second","woman","False","","Southampton","yes","False"
"314",1,2,"female",36,1,0,26,"S","Second","woman","False","","Southampton","yes","False"
"315",1,2,"female",2,1,1,26,"S","Second","child","False","","Southampton","yes","False"
"316",1,2,"male",32,1,0,26,"S","Second","man","True","","Southampton","yes","False"
"317",0,1,"male",64,0,0,26,"S","First","man","True","","Southampton","no","True"
"318",1,2,"female",19,1,0,26,"S","Second","woman","False","","Southampton","yes","False"
"319",0,2,"male",27,0,0,26,"S","Second","man","True","","Southampton","no","True"
"320",0,2,"male",54,0,0,26,"S","Second","man","True","","Southampton","no","True"
"321",0,2,"male",37,1,0,26,"S","Second","man","True","","Southampton","no","False"
"322",0,2,"male",39,0,0,26,"S","Second","man","True","","Southampton","no","True"
"323",0,2,"male",25,1,0,26,"S","Second","man","True","","Southampton","no","False"
"324",0,2,"male",16,0,0,26,"S","Second","man","True","","Southampton","no","True"
"325",0,2,"female",44,1,0,26,"S","Second","woman","False","","Southampton","no","False"
"326",1,2,"female",25,0,1,26,"S","Second","woman","False","","Southampton","yes","False"
"327",1,1,"female",49,0,0,25.9292,"S","First","woman","False","D","Southampton","yes","True"
"328",1,1,"female",48,0,0,25.9292,"S","First","woman","False","D","Southampton","yes","True"
"329",0,1,"male",NA,0,0,25.925,"S","First","man","True","","Southampton","no","True"
"330",0,1,"male",47,0,0,25.5875,"S","First","man","True","E","Southampton","no","True"
"331",0,3,"male",NA,3,1,25.4667,"S","Third","man","True","","Southampton","no","False"
"332",0,3,"female",NA,3,1,25.4667,"S","Third","woman","False","","Southampton","no","False"
"333",0,3,"female",NA,3,1,25.4667,"S","Third","woman","False","","Southampton","no","False"
"334",0,3,"female",NA,3,1,25.4667,"S","Third","woman","False","","Southampton","no","False"
"335",1,3,"female",NA,1,0,24.15,"Q","Third","woman","False","","Queenstown","yes","False"
"336",0,3,"female",10,0,2,24.15,"S","Third","child","False","","Southampton","no","False"
"337",0,3,"male",NA,0,0,24.15,"Q","Third","man","True","","Queenstown","no","True"
"338",0,3,"male",24,2,0,24.15,"S","Third","man","True","","Southampton","no","False"
"339",0,3,"male",36,1,1,24.15,"S","Third","man","True","","Southampton","no","False"
"340",0,3,"male",NA,1,0,24.15,"Q","Third","man","True","","Queenstown","no","False"
"341",0,3,"female",30,1,1,24.15,"S","Third","woman","False","","Southampton","no","False"
"342",0,3,"male",39,0,0,24.15,"S","Third","man","True","","Southampton","no","True"
"343",0,2,"male",30,1,0,24,"C","Second","man","True","","Cherbourg","no","False"
"344",1,2,"female",28,1,0,24,"C","Second","woman","False","","Cherbourg","yes","False"
"345",0,3,"male",NA,1,2,23.45,"S","Third","man","True","","Southampton","no","False"
"346",0,3,"female",NA,1,2,23.45,"S","Third","woman","False","","Southampton","no","False"
"347",1,3,"male",NA,2,0,23.25,"Q","Third","man","True","","Queenstown","yes","False"
"348",1,3,"female",NA,2,0,23.25,"Q","Third","woman","False","","Queenstown","yes","False"
"349",1,2,"female",34,0,1,23,"S","Second","woman","False","","Southampton","yes","False"
"350",1,2,"female",18,0,1,23,"S","Second","woman","False","","Southampton","yes","False"
"351",1,2,"female",4,1,1,23,"S","Second","child","False","","Southampton","yes","False"
"352",1,2,"female",54,1,3,23,"S","Second","woman","False","","Southampton","yes","False"
"353",0,3,"male",28,0,0,22.525,"S","Third","man","True","","Southampton","no","True"
"354",1,3,"female",NA,1,1,22.3583,"C","Third","woman","False","F","Cherbourg","yes","False"
"355",1,3,"female",NA,0,2,22.3583,"C","Third","woman","False","","Cherbourg","yes","False"
"356",1,3,"female",4,0,2,22.025,"S","Third","child","False","","Southampton","yes","False"
"357",0,3,"male",NA,2,0,21.6792,"C","Third","man","True","","Cherbourg","no","False"
"358",0,3,"male",2,3,1,21.075,"S","Third","child","False","","Southampton","no","False"
"359",0,3,"female",8,3,1,21.075,"S","Third","child","False","","Southampton","no","False"
"360",0,3,"female",3,3,1,21.075,"S","Third","child","False","","Southampton","no","False"
"361",0,3,"female",29,0,4,21.075,"S","Third","woman","False","","Southampton","no","False"
"362",0,2,"female",27,1,0,21,"S","Second","woman","False","","Southampton","no","False"
"363",0,2,"male",29,1,0,21,"S","Second","man","True","","Southampton","no","False"
"364",1,2,"female",35,0,0,21,"S","Second","woman","False","","Southampton","yes","True"
"365",0,2,"male",34,1,0,21,"S","Second","man","True","","Southampton","no","False"
"366",0,2,"male",34,1,0,21,"S","Second","man","True","","Southampton","no","False"
"367",1,2,"female",30,3,0,21,"S","Second","woman","False","","Southampton","yes","False"
"368",0,3,"male",26,1,2,20.575,"S","Third","man","True","","Southampton","no","False"
"369",1,3,"male",1,1,2,20.575,"S","Third","child","False","","Southampton","yes","False"
"370",1,3,"male",9,0,2,20.525,"S","Third","child","False","","Southampton","yes","False"
"371",1,3,"female",31,1,1,20.525,"S","Third","woman","False","","Southampton","yes","False"
"372",0,3,"male",33,1,1,20.525,"S","Third","man","True","","Southampton","no","False"
"373",1,3,"female",35,1,1,20.25,"S","Third","woman","False","","Southampton","yes","False"
"374",0,3,"male",16,1,1,20.25,"S","Third","man","True","","Southampton","no","False"
"375",0,3,"female",41,0,2,20.2125,"S","Third","woman","False","","Southampton","no","False"
"376",0,3,"male",18,1,1,20.2125,"S","Third","man","True","","Southampton","no","False"
"377",0,3,"male",NA,1,0,19.9667,"S","Third","man","True","","Southampton","no","False"
"378",0,3,"male",NA,1,0,19.9667,"S","Third","man","True","","Southampton","no","False"
"379",1,2,"female",41,0,1,19.5,"S","Second","woman","False","","Southampton","yes","False"
"380",1,2,"female",13,0,1,19.5,"S","Second","child","False","","Southampton","yes","False"
"381",1,3,"female",5,2,1,19.2583,"C","Third","child","False","","Cherbourg","yes","False"
"382",1,3,"female",0.75,2,1,19.2583,"C","Third","child","False","","Cherbourg","yes","False"
"383",1,3,"female",0.75,2,1,19.2583,"C","Third","child","False","","Cherbourg","yes","False"
"384",1,3,"female",24,0,3,19.2583,"C","Third","woman","False","","Cherbourg","yes","False"
"385",1,3,"male",26,0,0,18.7875,"C","Third","man","True","","Cherbourg","yes","True"
"386",0,3,"male",11,0,0,18.7875,"C","Third","child","False","","Cherbourg","no","True"
"387",1,2,"male",3,1,1,18.75,"S","Second","child","False","","Southampton","yes","False"
"388",1,2,"female",24,2,3,18.75,"S","Second","woman","False","","Southampton","yes","False"
"389",1,2,"male",0.83,1,1,18.75,"S","Second","child","False","","Southampton","yes","False"
"390",0,3,"female",31,1,0,18,"S","Third","woman","False","","Southampton","no","False"
"391",0,3,"female",18,2,0,18,"S","Third","woman","False","","Southampton","no","False"
"392",0,3,"male",16,2,0,18,"S","Third","man","True","","Southampton","no","False"
"393",0,3,"female",18,1,0,17.8,"S","Third","woman","False","","Southampton","no","False"
"394",0,3,"male",25,1,0,17.8,"S","Third","man","True","","Southampton","no","False"
"395",1,3,"female",36,1,0,17.4,"S","Third","woman","False","","Southampton","yes","False"
"396",1,3,"female",4,1,1,16.7,"S","Third","child","False","G","Southampton","yes","False"
"397",1,3,"female",24,0,2,16.7,"S","Third","woman","False","G","Southampton","yes","False"
"398",0,3,"male",44,0,1,16.1,"S","Third","man","True","","Southampton","no","False"
"399",0,3,"male",30,1,0,16.1,"S","Third","man","True","","Southampton","no","False"
"400",1,3,"female",NA,1,0,16.1,"S","Third","woman","False","","Southampton","yes","False"
"401",1,3,"female",NA,1,0,16.1,"S","Third","woman","False","","Southampton","yes","False"
"402",0,3,"female",26,1,0,16.1,"S","Third","woman","False","","Southampton","no","False"
"403",0,3,"male",21,0,0,16.1,"S","Third","man","True","","Southampton","no","True"
"404",0,3,"male",NA,1,0,16.1,"S","Third","man","True","","Southampton","no","False"
"405",0,3,"male",28.5,0,0,16.1,"S","Third","man","True","","Southampton","no","True"
"406",0,3,"male",24,1,0,16.1,"S","Third","man","True","","Southampton","no","False"
"407",1,2,"female",55,0,0,16,"S","Second","woman","False","","Southampton","yes","True"
"408",1,3,"male",3,1,1,15.9,"S","Third","child","False","","Southampton","yes","False"
"409",1,3,"male",9,1,1,15.9,"S","Third","child","False","","Southampton","yes","False"
"410",1,3,"female",33,3,0,15.85,"S","Third","woman","False","","Southampton","yes","False"
"411",1,3,"female",24,1,0,15.85,"S","Third","woman","False","","Southampton","yes","False"
"412",0,3,"male",32,1,0,15.85,"S","Third","man","True","","Southampton","no","False"
"413",0,3,"male",28,1,0,15.85,"S","Third","man","True","","Southampton","no","False"
"414",1,2,"female",40,0,0,15.75,"S","Second","woman","False","","Southampton","yes","True"
"415",1,3,"female",1,0,2,15.7417,"C","Third","child","False","","Cherbourg","yes","False"
"416",1,3,"male",20,1,1,15.7417,"C","Third","man","True","","Cherbourg","yes","False"
"417",0,3,"male",36,1,0,15.55,"S","Third","man","True","","Southampton","no","False"
"418",0,3,"male",NA,1,0,15.5,"Q","Third","man","True","","Queenstown","no","False"
"419",1,3,"female",NA,1,0,15.5,"Q","Third","woman","False","","Queenstown","yes","False"
"420",0,3,"male",40,1,1,15.5,"Q","Third","man","True","","Queenstown","no","False"
"421",1,3,"female",NA,1,0,15.5,"Q","Third","woman","False","","Queenstown","yes","False"
"422",0,3,"male",NA,1,0,15.5,"Q","Third","man","True","","Queenstown","no","False"
"423",1,3,"female",NA,1,0,15.5,"Q","Third","woman","False","","Queenstown","yes","False"
"424",0,3,"female",32,1,1,15.5,"Q","Third","woman","False","","Queenstown","no","False"
"425",0,3,"male",NA,0,0,15.5,"Q","Third","man","True","","Queenstown","no","True"
"426",1,3,"male",NA,1,1,15.2458,"C","Third","man","True","","Cherbourg","yes","False"
"427",0,3,"female",NA,0,2,15.2458,"C","Third","woman","False","","Cherbourg","no","False"
"428",1,3,"female",29,0,2,15.2458,"C","Third","woman","False","","Cherbourg","yes","False"
"429",1,3,"male",NA,1,1,15.2458,"C","Third","man","True","","Cherbourg","yes","False"
"430",0,3,"female",9,1,1,15.2458,"C","Third","child","False","","Cherbourg","no","False"
"431",0,3,"male",NA,0,0,15.1,"S","Third","man","True","","Southampton","no","True"
"432",0,2,"male",NA,0,0,15.05,"C","Second","man","True","","Cherbourg","no","True"
"433",0,2,"male",23,0,0,15.0458,"C","Second","man","True","","Cherbourg","no","True"
"434",0,2,"male",47,0,0,15,"S","Second","man","True","","Southampton","no","True"
"435",0,3,"female",47,1,0,14.5,"S","Third","woman","False","","Southampton","no","False"
"436",0,3,"male",40.5,0,2,14.5,"S","Third","man","True","","Southampton","no","False"
"437",1,2,"female",24,0,2,14.5,"S","Second","woman","False","","Southampton","yes","False"
"438",0,3,"male",NA,0,0,14.5,"S","Third","man","True","","Southampton","no","True"
"439",0,3,"male",19,0,0,14.5,"S","Third","man","True","","Southampton","no","True"
"440",1,2,"male",0.67,1,1,14.5,"S","Second","child","False","","Southampton","yes","False"
"441",0,3,"male",NA,0,0,14.5,"S","Third","man","True","","Southampton","no","True"
"442",0,3,"female",17,0,0,14.4583,"C","Third","woman","False","","Cherbourg","no","True"
"443",0,3,"male",NA,0,0,14.4583,"C","Third","man","True","","Cherbourg","no","True"
"444",0,3,"female",NA,1,0,14.4583,"C","Third","woman","False","","Cherbourg","no","False"
"445",0,3,"male",26,1,0,14.4542,"C","Third","man","True","","Cherbourg","no","False"
"446",0,3,"female",14.5,1,0,14.4542,"C","Third","child","False","","Cherbourg","no","False"
"447",0,3,"female",NA,1,0,14.4542,"C","Third","woman","False","","Cherbourg","no","False"
"448",0,3,"female",45,0,1,14.4542,"C","Third","woman","False","","Cherbourg","no","False"
"449",0,3,"male",27,1,0,14.4542,"C","Third","man","True","","Cherbourg","no","False"
"450",0,3,"female",18,0,1,14.4542,"C","Third","woman","False","","Cherbourg","no","False"
"451",1,3,"female",15,1,0,14.4542,"C","Third","child","False","","Cherbourg","yes","False"
"452",0,3,"female",28,1,1,14.4,"S","Third","woman","False","","Southampton","no","False"
"453",0,3,"male",34,1,1,14.4,"S","Third","man","True","","Southampton","no","False"
"454",0,3,"male",41,2,0,14.1083,"S","Third","man","True","","Southampton","no","False"
"455",0,2,"male",54,0,0,14,"S","Second","man","True","","Southampton","no","True"
"456",1,2,"male",NA,0,0,13.8625,"C","Second","man","True","","Cherbourg","yes","True"
"457",1,2,"female",27,1,0,13.8583,"C","Second","woman","False","","Cherbourg","yes","False"
"458",1,2,"female",23,0,0,13.7917,"C","Second","woman","False","D","Cherbourg","yes","True"
"459",0,2,"male",59,0,0,13.5,"S","Second","man","True","","Southampton","no","True"
"460",0,2,"male",28,0,0,13.5,"S","Second","man","True","","Southampton","no","True"
"461",0,2,"male",52,0,0,13.5,"S","Second","man","True","","Southampton","no","True"
"462",1,2,"female",45,0,0,13.5,"S","Second","woman","False","","Southampton","yes","True"
"463",1,3,"female",4,0,1,13.4167,"C","Third","child","False","","Cherbourg","yes","False"
"464",1,2,"male",NA,0,0,13,"S","Second","man","True","","Southampton","yes","True"
"465",1,2,"male",34,0,0,13,"S","Second","man","True","D","Southampton","yes","True"
"466",1,2,"female",32.5,0,0,13,"S","Second","woman","False","E","Southampton","yes","True"
"467",0,2,"male",25,0,0,13,"S","Second","man","True","","Southampton","no","True"
"468",0,2,"male",42,0,0,13,"S","Second","man","True","","Southampton","no","True"
"469",0,2,"male",30,0,0,13,"S","Second","man","True","","Southampton","no","True"
"470",1,2,"female",32,0,0,13,"S","Second","woman","False","","Southampton","yes","True"
"471",0,2,"male",19,0,0,13,"S","Second","man","True","","Southampton","no","True"
"472",0,2,"female",24,0,0,13,"S","Second","woman","False","","Southampton","no","True"
"473",0,2,"male",30,0,0,13,"S","Second","man","True","","Southampton","no","True"
"474",0,2,"male",27,0,0,13,"S","Second","man","True","","Southampton","no","True"
"475",0,2,"male",18,0,0,13,"S","Second","man","True","","Southampton","no","True"
"476",1,2,"male",42,0,0,13,"S","Second","man","True","","Southampton","yes","True"
"477",1,2,"female",36,0,0,13,"S","Second","woman","False","D","Southampton","yes","True"
"478",0,2,"male",28,0,0,13,"S","Second","man","True","","Southampton","no","True"
"479",0,2,"male",25,0,0,13,"S","Second","man","True","","Southampton","no","True"
"480",0,2,"male",36,0,0,13,"S","Second","man","True","","Southampton","no","True"
"481",1,2,"female",24,0,0,13,"S","Second","woman","False","F","Southampton","yes","True"
"482",1,2,"female",40,0,0,13,"S","Second","woman","False","","Southampton","yes","True"
"483",0,2,"female",38,0,0,13,"S","Second","woman","False","","Southampton","no","True"
"484",1,2,"female",36,0,0,13,"S","Second","woman","False","","Southampton","yes","True"
"485",1,2,"female",18,0,2,13,"S","Second","woman","False","","Southampton","yes","False"
"486",0,2,"male",30,0,0,13,"S","Second","man","True","","Southampton","no","True"
"487",1,2,"female",28,0,0,13,"S","Second","woman","False","","Southampton","yes","True"
"488",0,2,"male",48,0,0,13,"S","Second","man","True","","Southampton","no","True"
"489",1,2,"female",34,0,0,13,"S","Second","woman","False","","Southampton","yes","True"
"490",1,2,"female",28,0,0,13,"S","Second","woman","False","","Southampton","yes","True"
"491",0,2,"male",23,0,0,13,"S","Second","man","True","","Southampton","no","True"
"492",0,2,"male",25,0,0,13,"S","Second","man","True","","Southampton","no","True"
"493",1,2,"male",31,0,0,13,"S","Second","man","True","","Southampton","yes","True"
"494",0,2,"male",52,0,0,13,"S","Second","man","True","","Southampton","no","True"
"495",0,2,"male",34,0,0,13,"S","Second","man","True","","Southampton","no","True"
"496",0,2,"male",50,0,0,13,"S","Second","man","True","","Southampton","no","True"
"497",0,2,"male",23,0,0,13,"S","Second","man","True","","Southampton","no","True"
"498",0,2,"male",23,0,0,13,"S","Second","man","True","","Southampton","no","True"
"499",1,2,"female",30,0,0,13,"S","Second","woman","False","","Southampton","yes","True"
"500",0,2,"male",39,0,0,13,"S","Second","man","True","","Southampton","no","True"
"501",0,2,"male",34,0,0,13,"S","Second","man","True","","Southampton","no","True"
"502",0,2,"male",39,0,0,13,"S","Second","man","True","","Southampton","no","True"
"503",0,2,"male",24,0,0,13,"S","Second","man","True","","Southampton","no","True"
"504",1,2,"female",42,0,0,13,"S","Second","woman","False","","Southampton","yes","True"
"505",0,2,"male",27,0,0,13,"S","Second","man","True","","Southampton","no","True"
"506",0,2,"male",36,0,0,12.875,"C","Second","man","True","D","Cherbourg","no","True"
"507",1,2,"female",28,0,0,12.65,"S","Second","woman","False","","Southampton","yes","True"
"508",0,2,"male",51,0,0,12.525,"S","Second","man","True","","Southampton","no","True"
"509",1,3,"female",30,0,0,12.475,"S","Third","woman","False","","Southampton","yes","True"
"510",1,3,"male",6,0,1,12.475,"S","Third","child","False","E","Southampton","yes","False"
"511",1,3,"female",5,0,0,12.475,"S","Third","child","False","","Southampton","yes","True"
"512",1,3,"female",27,0,1,12.475,"S","Third","woman","False","E","Southampton","yes","False"
"513",1,2,"female",NA,0,0,12.35,"Q","Second","woman","False","E","Queenstown","yes","True"
"514",1,2,"female",30,0,0,12.35,"Q","Second","woman","False","","Queenstown","yes","True"
"515",0,2,"male",57,0,0,12.35,"Q","Second","man","True","","Queenstown","no","True"
"516",1,3,"female",2,0,1,12.2875,"S","Third","child","False","","Southampton","yes","False"
"517",0,2,"male",33,0,0,12.275,"S","Second","man","True","","Southampton","no","True"
"518",1,2,"female",17,0,0,12,"C","Second","woman","False","","Cherbourg","yes","True"
"519",0,2,"male",18,0,0,11.5,"S","Second","man","True","","Southampton","no","True"
"520",0,2,"male",23,2,1,11.5,"S","Second","man","True","","Southampton","no","False"
"521",0,2,"male",18,0,0,11.5,"S","Second","man","True","","Southampton","no","True"
"522",0,2,"male",21,1,0,11.5,"S","Second","man","True","","Southampton","no","False"
"523",1,3,"female",14,1,0,11.2417,"C","Third","child","False","","Cherbourg","yes","False"
"524",1,3,"male",12,1,0,11.2417,"C","Third","child","False","","Cherbourg","yes","False"
"525",1,3,"female",27,0,2,11.1333,"S","Third","woman","False","","Southampton","yes","False"
"526",1,3,"female",1,1,1,11.1333,"S","Third","child","False","","Southampton","yes","False"
"527",1,3,"male",4,1,1,11.1333,"S","Third","child","False","","Southampton","yes","False"
"528",0,3,"female",22,0,0,10.5167,"S","Third","woman","False","","Southampton","no","True"
"529",0,2,"male",66,0,0,10.5,"S","Second","man","True","","Southampton","no","True"
"530",1,2,"female",21,0,0,10.5,"S","Second","woman","False","","Southampton","yes","True"
"531",1,2,"female",29,0,0,10.5,"S","Second","woman","False","F","Southampton","yes","True"
"532",0,2,"male",32,0,0,10.5,"S","Second","man","True","","Southampton","no","True"
"533",1,2,"female",17,0,0,10.5,"S","Second","woman","False","","Southampton","yes","True"
"534",0,2,"male",30,0,0,10.5,"S","Second","man","True","","Southampton","no","True"
"535",1,2,"male",19,0,0,10.5,"S","Second","man","True","","Southampton","yes","True"
"536",0,2,"male",24,0,0,10.5,"S","Second","man","True","","Southampton","no","True"
"537",0,2,"male",19,0,0,10.5,"S","Second","man","True","","Southampton","no","True"
"538",0,2,"male",29,0,0,10.5,"S","Second","man","True","","Southampton","no","True"
"539",0,2,"male",36,0,0,10.5,"S","Second","man","True","","Southampton","no","True"
"540",0,2,"male",23,0,0,10.5,"S","Second","man","True","","Southampton","no","True"
"541",0,2,"male",31,0,0,10.5,"S","Second","man","True","","Southampton","no","True"
"542",1,2,"female",50,0,0,10.5,"S","Second","woman","False","","Southampton","yes","True"
"543",1,2,"female",34,0,0,10.5,"S","Second","woman","False","F","Southampton","yes","True"
"544",1,2,"female",50,0,0,10.5,"S","Second","woman","False","","Southampton","yes","True"
"545",1,2,"male",62,0,0,10.5,"S","Second","man","True","","Southampton","yes","True"
"546",0,2,"male",26,0,0,10.5,"S","Second","man","True","","Southampton","no","True"
"547",0,2,"male",70,0,0,10.5,"S","Second","man","True","","Southampton","no","True"
"548",1,2,"female",27,0,0,10.5,"S","Second","woman","False","E","Southampton","yes","True"
"549",0,2,"female",57,0,0,10.5,"S","Second","woman","False","E","Southampton","no","True"
"550",0,2,"male",35,0,0,10.5,"S","Second","man","True","","Southampton","no","True"
"551",0,2,"male",16,0,0,10.5,"S","Second","man","True","","Southampton","no","True"
"552",0,2,"male",28,0,0,10.5,"S","Second","man","True","","Southampton","no","True"
"553",0,3,"female",2,0,1,10.4625,"S","Third","child","False","G","Southampton","no","False"
"554",0,3,"female",29,1,1,10.4625,"S","Third","woman","False","G","Southampton","no","False"
"555",0,3,"male",19,0,0,10.1708,"S","Third","man","True","","Southampton","no","True"
"556",0,3,"male",20,0,0,9.8458,"S","Third","man","True","","Southampton","no","True"
"557",1,3,"female",18,0,0,9.8417,"S","Third","woman","False","","Southampton","yes","True"
"558",0,3,"female",22,0,0,9.8375,"S","Third","woman","False","","Southampton","no","True"
"559",0,3,"female",20,1,0,9.825,"S","Third","woman","False","","Southampton","no","False"
"560",0,3,"female",21,1,0,9.825,"S","Third","woman","False","","Southampton","no","False"
"561",1,3,"female",63,0,0,9.5875,"S","Third","woman","False","","Southampton","yes","True"
"562",0,3,"female",37,0,0,9.5875,"S","Third","woman","False","","Southampton","no","True"
"563",1,3,"male",29,0,0,9.5,"S","Third","man","True","","Southampton","yes","True"
"564",0,3,"male",28,0,0,9.5,"S","Third","man","True","","Southampton","no","True"
"565",0,3,"male",16,0,0,9.5,"S","Third","man","True","","Southampton","no","True"
"566",1,3,"male",30,0,0,9.5,"S","Third","man","True","","Southampton","yes","True"
"567",0,3,"male",28,0,0,9.5,"S","Third","man","True","","Southampton","no","True"
"568",0,3,"male",20,0,0,9.5,"S","Third","man","True","","Southampton","no","True"
"569",0,3,"male",33,0,0,9.5,"S","Third","man","True","","Southampton","no","True"
"570",0,3,"male",24,0,0,9.5,"S","Third","man","True","","Southampton","no","True"
"571",0,3,"male",NA,0,0,9.5,"S","Third","man","True","","Southampton","no","True"
"572",0,3,"male",29,0,0,9.4833,"S","Third","man","True","","Southampton","no","True"
"573",0,3,"female",40,1,0,9.475,"S","Third","woman","False","","Southampton","no","False"
"574",0,3,"male",22,0,0,9.35,"S","Third","man","True","","Southampton","no","True"
"575",1,3,"female",18,0,1,9.35,"S","Third","woman","False","","Southampton","yes","False"
"576",0,3,"male",23,0,0,9.225,"S","Third","man","True","","Southampton","no","True"
"577",0,3,"male",20,0,0,9.225,"S","Third","man","True","","Southampton","no","True"
"578",0,3,"male",16,0,0,9.2167,"S","Third","man","True","","Southampton","no","True"
"579",0,3,"male",22,0,0,9,"S","Third","man","True","","Southampton","no","True"
"580",0,3,"male",47,0,0,9,"S","Third","man","True","","Southampton","no","True"
"581",0,3,"female",24,0,0,8.85,"S","Third","woman","False","","Southampton","no","True"
"582",0,3,"male",NA,0,0,8.7125,"C","Third","man","True","","Cherbourg","no","True"
"583",1,3,"female",31,0,0,8.6833,"S","Third","woman","False","","Southampton","yes","True"
"584",0,3,"male",26,2,0,8.6625,"S","Third","man","True","","Southampton","no","False"
"585",0,3,"male",NA,0,0,8.6625,"S","Third","man","True","","Southampton","no","True"
"586",0,3,"male",17,0,0,8.6625,"S","Third","man","True","","Southampton","no","True"
"587",0,3,"male",33,0,0,8.6625,"C","Third","man","True","","Cherbourg","no","True"
"588",0,3,"male",42,0,0,8.6625,"S","Third","man","True","","Southampton","no","True"
"589",0,3,"female",20,0,0,8.6625,"S","Third","woman","False","","Southampton","no","True"
"590",0,3,"male",38,0,0,8.6625,"S","Third","man","True","","Southampton","no","True"
"591",0,3,"male",17,0,0,8.6625,"S","Third","man","True","","Southampton","no","True"
"592",0,3,"female",30,0,0,8.6625,"S","Third","woman","False","","Southampton","no","True"
"593",0,3,"male",20,0,0,8.6625,"S","Third","man","True","","Southampton","no","True"
"594",1,3,"male",27,0,0,8.6625,"S","Third","man","True","","Southampton","yes","True"
"595",0,3,"male",21,0,0,8.6625,"S","Third","man","True","","Southampton","no","True"
"596",0,3,"male",17,0,0,8.6625,"S","Third","man","True","","Southampton","no","True"
"597",0,3,"male",33,0,0,8.6542,"S","Third","man","True","","Southampton","no","True"
"598",1,3,"male",0.42,0,1,8.5167,"C","Third","child","False","","Cherbourg","yes","False"
"599",0,3,"male",NA,0,0,8.4583,"Q","Third","man","True","","Queenstown","no","True"
"600",0,3,"male",21,0,0,8.4333,"S","Third","man","True","","Southampton","no","True"
"601",0,3,"male",42,0,1,8.4042,"S","Third","man","True","","Southampton","no","False"
"602",0,3,"male",32,0,0,8.3625,"S","Third","man","True","","Southampton","no","True"
"603",0,3,"male",18,0,0,8.3,"S","Third","man","True","","Southampton","no","True"
"604",0,3,"male",19,0,0,8.1583,"S","Third","man","True","","Southampton","no","True"
"605",0,3,"female",NA,0,0,8.1375,"Q","Third","woman","False","","Queenstown","no","True"
"606",1,3,"male",NA,0,0,8.1125,"S","Third","man","True","","Southampton","yes","True"
"607",0,3,"male",35,0,0,8.05,"S","Third","man","True","","Southampton","no","True"
"608",0,3,"male",20,0,0,8.05,"S","Third","man","True","","Southampton","no","True"
"609",0,3,"male",21,0,0,8.05,"S","Third","man","True","","Southampton","no","True"
"610",0,3,"male",NA,0,0,8.05,"S","Third","man","True","","Southampton","no","True"
"611",0,3,"male",NA,0,0,8.05,"S","Third","man","True","","Southampton","no","True"
"612",0,3,"male",NA,0,0,8.05,"S","Third","man","True","","Southampton","no","True"
"613",0,3,"male",24,0,0,8.05,"S","Third","man","True","","Southampton","no","True"
"614",0,3,"male",29,0,0,8.05,"S","Third","man","True","","Southampton","no","True"
"615",0,3,"male",NA,0,0,8.05,"S","Third","man","True","","Southampton","no","True"
"616",0,3,"male",22,0,0,8.05,"S","Third","man","True","","Southampton","no","True"
"617",0,3,"male",NA,0,0,8.05,"S","Third","man","True","","Southampton","no","True"
"618",0,3,"male",55.5,0,0,8.05,"S","Third","man","True","","Southampton","no","True"
"619",0,3,"male",30,0,0,8.05,"S","Third","man","True","","Southampton","no","True"
"620",1,3,"male",18,0,0,8.05,"S","Third","man","True","","Southampton","yes","True"
"621",1,3,"male",16,0,0,8.05,"S","Third","man","True","","Southampton","yes","True"
"622",0,3,"male",51,0,0,8.05,"S","Third","man","True","","Southampton","no","True"
"623",1,3,"male",19,0,0,8.05,"S","Third","man","True","","Southampton","yes","True"
"624",0,3,"male",NA,0,0,8.05,"S","Third","man","True","","Southampton","no","True"
"625",1,3,"male",45,0,0,8.05,"S","Third","man","True","","Southampton","yes","True"
"626",0,3,"male",19,0,0,8.05,"S","Third","man","True","","Southampton","no","True"
"627",0,3,"male",26,0,0,8.05,"S","Third","man","True","","Southampton","no","True"
"628",0,3,"female",NA,0,0,8.05,"S","Third","woman","False","","Southampton","no","True"
"629",1,3,"male",32,0,0,8.05,"S","Third","man","True","E","Southampton","yes","True"
"630",0,3,"male",NA,0,0,8.05,"S","Third","man","True","","Southampton","no","True"
"631",0,3,"male",34,0,0,8.05,"S","Third","man","True","","Southampton","no","True"
"632",0,3,"male",NA,0,0,8.05,"S","Third","man","True","","Southampton","no","True"
"633",0,3,"male",50,0,0,8.05,"S","Third","man","True","","Southampton","no","True"
"634",0,3,"male",30,0,0,8.05,"S","Third","man","True","","Southampton","no","True"
"635",0,3,"male",21,0,0,8.05,"S","Third","man","True","","Southampton","no","True"
"636",0,3,"male",NA,0,0,8.05,"S","Third","man","True","","Southampton","no","True"
"637",0,3,"male",NA,0,0,8.05,"S","Third","man","True","","Southampton","no","True"
"638",0,3,"female",NA,0,0,8.05,"S","Third","woman","False","","Southampton","no","True"
"639",0,3,"male",16,0,0,8.05,"S","Third","man","True","","Southampton","no","True"
"640",0,3,"male",22,0,0,8.05,"S","Third","man","True","","Southampton","no","True"
"641",0,3,"male",NA,0,0,8.05,"S","Third","man","True","","Southampton","no","True"
"642",0,3,"male",44,0,0,8.05,"S","Third","man","True","","Southampton","no","True"
"643",0,3,"male",35,0,0,8.05,"S","Third","man","True","","Southampton","no","True"
"644",0,3,"male",43,0,0,8.05,"S","Third","man","True","","Southampton","no","True"
"645",0,3,"male",24.5,0,0,8.05,"S","Third","man","True","","Southampton","no","True"
"646",0,3,"male",44,0,0,8.05,"S","Third","man","True","","Southampton","no","True"
"647",0,3,"male",34,0,0,8.05,"S","Third","man","True","","Southampton","no","True"
"648",0,3,"male",30.5,0,0,8.05,"S","Third","man","True","","Southampton","no","True"
"649",0,3,"male",NA,0,0,8.05,"S","Third","man","True","","Southampton","no","True"
"650",1,3,"female",15,0,0,8.0292,"Q","Third","child","False","","Queenstown","yes","True"
"651",1,3,"female",26,0,0,7.925,"S","Third","woman","False","","Southampton","yes","True"
"652",1,3,"female",17,4,2,7.925,"S","Third","woman","False","","Southampton","yes","False"
"653",0,3,"male",37,2,0,7.925,"S","Third","man","True","","Southampton","no","False"
"654",0,3,"male",21,0,0,7.925,"S","Third","man","True","","Southampton","no","True"
"655",0,3,"male",21,0,0,7.925,"S","Third","man","True","","Southampton","no","True"
"656",1,3,"female",27,0,0,7.925,"S","Third","woman","False","","Southampton","yes","True"
"657",0,3,"male",32,0,0,7.925,"S","Third","man","True","","Southampton","no","True"
"658",0,3,"male",28,2,0,7.925,"S","Third","man","True","","Southampton","no","False"
"659",1,3,"male",39,0,0,7.925,"S","Third","man","True","","Southampton","yes","True"
"660",1,3,"male",44,0,0,7.925,"S","Third","man","True","","Southampton","yes","True"
"661",0,3,"male",39,0,0,7.925,"S","Third","man","True","","Southampton","no","True"
"662",1,3,"male",32,0,0,7.925,"S","Third","man","True","","Southampton","yes","True"
"663",0,3,"male",32,0,0,7.925,"S","Third","man","True","","Southampton","no","True"
"664",1,3,"male",20,1,0,7.925,"S","Third","man","True","","Southampton","yes","False"
"665",0,3,"female",25,1,0,7.925,"S","Third","woman","False","","Southampton","no","False"
"666",1,3,"male",31,0,0,7.925,"S","Third","man","True","","Southampton","yes","True"
"667",0,3,"female",23,0,0,7.925,"S","Third","woman","False","","Southampton","no","True"
"668",0,3,"male",20,0,0,7.925,"S","Third","man","True","","Southampton","no","True"
"669",0,3,"male",NA,0,0,7.8958,"S","Third","man","True","","Southampton","no","True"
"670",0,3,"male",NA,0,0,7.8958,"C","Third","man","True","","Cherbourg","no","True"
"671",0,3,"male",NA,0,0,7.8958,"S","Third","man","True","","Southampton","no","True"
"672",0,3,"female",28,0,0,7.8958,"S","Third","woman","False","","Southampton","no","True"
"673",0,3,"male",NA,0,0,7.8958,"S","Third","man","True","","Southampton","no","True"
"674",0,3,"male",28,0,0,7.8958,"S","Third","man","True","","Southampton","no","True"
"675",0,3,"male",38,0,0,7.8958,"S","Third","man","True","","Southampton","no","True"
"676",0,3,"male",33,0,0,7.8958,"C","Third","man","True","","Cherbourg","no","True"
"677",0,3,"male",36,0,0,7.8958,"S","Third","man","True","","Southampton","no","True"
"678",0,3,"male",NA,0,0,7.8958,"S","Third","man","True","","Southampton","no","True"
"679",0,3,"male",22,0,0,7.8958,"S","Third","man","True","","Southampton","no","True"
"680",0,3,"male",24,0,0,7.8958,"S","Third","man","True","","Southampton","no","True"
"681",0,3,"male",28,0,0,7.8958,"S","Third","man","True","","Southampton","no","True"
"682",0,3,"male",27,0,0,7.8958,"S","Third","man","True","","Southampton","no","True"
"683",0,3,"male",NA,0,0,7.8958,"S","Third","man","True","","Southampton","no","True"
"684",0,3,"male",NA,0,0,7.8958,"S","Third","man","True","","Southampton","no","True"
"685",0,3,"male",NA,0,0,7.8958,"S","Third","man","True","","Southampton","no","True"
"686",0,3,"male",NA,0,0,7.8958,"C","Third","man","True","","Cherbourg","no","True"
"687",1,3,"male",29,0,0,7.8958,"C","Third","man","True","","Cherbourg","yes","True"
"688",0,3,"male",32,0,0,7.8958,"S","Third","man","True","","Southampton","no","True"
"689",0,3,"male",22,0,0,7.8958,"S","Third","man","True","","Southampton","no","True"
"690",0,3,"male",40,0,0,7.8958,"S","Third","man","True","","Southampton","no","True"
"691",0,3,"male",19,0,0,7.8958,"S","Third","man","True","","Southampton","no","True"
"692",0,3,"male",NA,0,0,7.8958,"S","Third","man","True","","Southampton","no","True"
"693",0,3,"male",30,0,0,7.8958,"S","Third","man","True","","Southampton","no","True"
"694",0,3,"male",26,0,0,7.8958,"S","Third","man","True","","Southampton","no","True"
"695",0,3,"male",19,0,0,7.8958,"S","Third","man","True","","Southampton","no","True"
"696",0,3,"male",NA,0,0,7.8958,"S","Third","man","True","","Southampton","no","True"
"697",0,3,"male",NA,0,0,7.8958,"S","Third","man","True","","Southampton","no","True"
"698",0,3,"male",NA,0,0,7.8958,"S","Third","man","True","","Southampton","no","True"
"699",0,3,"male",NA,0,0,7.8958,"S","Third","man","True","","Southampton","no","True"
"700",0,3,"male",23,0,0,7.8958,"S","Third","man","True","","Southampton","no","True"
"701",0,3,"male",25,0,0,7.8958,"S","Third","man","True","","Southampton","no","True"
"702",0,3,"male",35,0,0,7.8958,"C","Third","man","True","","Cherbourg","no","True"
"703",0,3,"male",26,0,0,7.8958,"S","Third","man","True","","Southampton","no","True"
"704",0,3,"male",19,0,0,7.8958,"S","Third","man","True","","Southampton","no","True"
"705",0,3,"male",NA,0,0,7.8958,"S","Third","man","True","","Southampton","no","True"
"706",0,3,"male",33,0,0,7.8958,"S","Third","man","True","","Southampton","no","True"
"707",0,3,"male",26,0,0,7.8875,"S","Third","man","True","","Southampton","no","True"
"708",1,3,"female",NA,0,0,7.8792,"Q","Third","woman","False","","Queenstown","yes","True"
"709",1,3,"female",19,0,0,7.8792,"Q","Third","woman","False","","Queenstown","yes","True"
"710",1,3,"female",NA,0,0,7.8792,"Q","Third","woman","False","","Queenstown","yes","True"
"711",1,3,"female",NA,0,0,7.8792,"Q","Third","woman","False","","Queenstown","yes","True"
"712",0,3,"male",29,0,0,7.875,"S","Third","man","True","","Southampton","no","True"
"713",0,3,"female",14,0,0,7.8542,"S","Third","child","False","","Southampton","no","True"
"714",0,3,"male",20,0,0,7.8542,"S","Third","man","True","","Southampton","no","True"
"715",0,3,"male",18,1,1,7.8542,"S","Third","man","True","","Southampton","no","False"
"716",1,3,"female",19,1,0,7.8542,"S","Third","woman","False","","Southampton","yes","False"
"717",0,3,"male",28,0,0,7.8542,"S","Third","man","True","","Southampton","no","True"
"718",1,3,"female",26,0,0,7.8542,"S","Third","woman","False","","Southampton","yes","True"
"719",0,3,"female",31,0,0,7.8542,"S","Third","woman","False","","Southampton","no","True"
"720",1,3,"male",32,0,0,7.8542,"S","Third","man","True","","Southampton","yes","True"
"721",0,3,"male",21,0,0,7.8542,"S","Third","man","True","","Southampton","no","True"
"722",0,3,"male",20,0,0,7.8542,"S","Third","man","True","","Southampton","no","True"
"723",0,3,"male",26,1,0,7.8542,"S","Third","man","True","","Southampton","no","False"
"724",0,3,"male",48,0,0,7.8542,"S","Third","man","True","","Southampton","no","True"
"725",0,3,"male",23,0,0,7.8542,"S","Third","man","True","","Southampton","no","True"
"726",0,3,"male",NA,0,0,7.8292,"Q","Third","man","True","","Queenstown","no","True"
"727",1,3,"female",NA,0,0,7.8292,"Q","Third","woman","False","","Queenstown","yes","True"
"728",0,3,"male",21,0,0,7.8,"S","Third","man","True","","Southampton","no","True"
"729",1,3,"male",27,0,0,7.7958,"S","Third","man","True","","Southampton","yes","True"
"730",1,3,"male",21,0,0,7.7958,"S","Third","man","True","","Southampton","yes","True"
"731",0,3,"male",22,0,0,7.7958,"S","Third","man","True","","Southampton","no","True"
"732",0,3,"male",24,0,0,7.7958,"S","Third","man","True","","Southampton","no","True"
"733",0,3,"male",18,0,0,7.7958,"S","Third","man","True","","Southampton","no","True"
"734",0,3,"male",28,0,0,7.7958,"S","Third","man","True","","Southampton","no","True"
"735",1,3,"female",NA,0,0,7.7875,"Q","Third","woman","False","","Queenstown","yes","True"
"736",1,3,"male",NA,0,0,7.775,"S","Third","man","True","","Southampton","yes","True"
"737",0,3,"male",26,0,0,7.775,"S","Third","man","True","","Southampton","no","True"
"738",0,3,"male",29,0,0,7.775,"S","Third","man","True","","Southampton","no","True"
"739",0,3,"female",25,0,0,7.775,"S","Third","woman","False","","Southampton","no","True"
"740",1,3,"male",25,1,0,7.775,"S","Third","man","True","","Southampton","yes","False"
"741",0,3,"male",19,0,0,7.775,"S","Third","man","True","","Southampton","no","True"
"742",0,3,"male",21,0,0,7.775,"S","Third","man","True","","Southampton","no","True"
"743",0,3,"male",25,1,0,7.775,"S","Third","man","True","","Southampton","no","False"
"744",1,3,"female",22,0,0,7.775,"S","Third","woman","False","","Southampton","yes","True"
"745",0,3,"male",NA,0,0,7.775,"S","Third","man","True","","Southampton","no","True"
"746",0,3,"male",18,0,0,7.775,"S","Third","man","True","","Southampton","no","True"
"747",0,3,"male",33,0,0,7.775,"S","Third","man","True","","Southampton","no","True"
"748",0,3,"male",16,0,0,7.775,"S","Third","man","True","","Southampton","no","True"
"749",0,3,"male",31,0,0,7.775,"S","Third","man","True","","Southampton","no","True"
"750",0,3,"female",18,0,0,7.775,"S","Third","woman","False","","Southampton","no","True"
"751",0,3,"male",74,0,0,7.775,"S","Third","man","True","","Southampton","no","True"
"752",1,3,"female",NA,0,0,7.75,"Q","Third","woman","False","","Queenstown","yes","True"
"753",1,3,"female",NA,0,0,7.75,"Q","Third","woman","False","","Queenstown","yes","True"
"754",0,3,"male",70.5,0,0,7.75,"Q","Third","man","True","","Queenstown","no","True"
"755",0,3,"male",NA,0,0,7.75,"Q","Third","man","True","","Queenstown","no","True"
"756",1,3,"female",22,0,0,7.75,"S","Third","woman","False","","Southampton","yes","True"
"757",0,3,"male",NA,0,0,7.75,"Q","Third","man","True","","Queenstown","no","True"
"758",1,3,"female",NA,0,0,7.75,"Q","Third","woman","False","","Queenstown","yes","True"
"759",1,3,"female",16,0,0,7.75,"Q","Third","woman","False","","Queenstown","yes","True"
"760",0,3,"male",NA,1,0,7.75,"Q","Third","man","True","","Queenstown","no","False"
"761",0,3,"male",NA,0,0,7.75,"Q","Third","man","True","","Queenstown","no","True"
"762",0,3,"female",NA,0,0,7.75,"Q","Third","woman","False","","Queenstown","no","True"
"763",1,3,"female",NA,0,0,7.75,"Q","Third","woman","False","","Queenstown","yes","True"
"764",0,3,"female",45,0,0,7.75,"S","Third","woman","False","","Southampton","no","True"
"765",0,3,"male",65,0,0,7.75,"Q","Third","man","True","","Queenstown","no","True"
"766",1,3,"female",22,0,0,7.75,"Q","Third","woman","False","","Queenstown","yes","True"
"767",1,3,"female",NA,0,0,7.75,"Q","Third","woman","False","","Queenstown","yes","True"
"768",1,3,"female",NA,0,0,7.75,"Q","Third","woman","False","","Queenstown","yes","True"
"769",0,3,"male",51,0,0,7.75,"S","Third","man","True","","Southampton","no","True"
"770",0,3,"male",NA,0,0,7.75,"Q","Third","man","True","","Queenstown","no","True"
"771",0,3,"male",NA,0,0,7.75,"Q","Third","man","True","","Queenstown","no","True"
"772",0,3,"female",21,0,0,7.75,"Q","Third","woman","False","","Queenstown","no","True"
"773",1,3,"male",29,0,0,7.75,"Q","Third","man","True","","Queenstown","yes","True"
"774",0,3,"male",40.5,0,0,7.75,"Q","Third","man","True","","Queenstown","no","True"
"775",0,3,"male",NA,0,0,7.75,"Q","Third","man","True","","Queenstown","no","True"
"776",1,3,"female",NA,0,0,7.75,"Q","Third","woman","False","","Queenstown","yes","True"
"777",0,3,"female",NA,0,2,7.75,"Q","Third","woman","False","","Queenstown","no","False"
"778",0,3,"male",NA,0,0,7.75,"Q","Third","man","True","","Queenstown","no","True"
"779",0,3,"male",31,0,0,7.75,"Q","Third","man","True","","Queenstown","no","True"
"780",0,3,"female",30.5,0,0,7.75,"Q","Third","woman","False","","Queenstown","no","True"
"781",0,3,"male",18,0,0,7.75,"S","Third","man","True","","Southampton","no","True"
"782",0,3,"male",NA,0,0,7.75,"Q","Third","man","True","F","Queenstown","no","True"
"783",0,3,"male",NA,0,0,7.75,"Q","Third","man","True","","Queenstown","no","True"
"784",1,3,"male",NA,0,0,7.75,"Q","Third","man","True","","Queenstown","yes","True"
"785",0,3,"male",32,0,0,7.75,"Q","Third","man","True","","Queenstown","no","True"
"786",0,3,"male",25,0,0,7.7417,"Q","Third","man","True","","Queenstown","no","True"
"787",1,3,"female",NA,0,0,7.7375,"Q","Third","woman","False","","Queenstown","yes","True"
"788",0,3,"male",NA,0,0,7.7375,"Q","Third","man","True","","Queenstown","no","True"
"789",1,3,"female",16,0,0,7.7333,"Q","Third","woman","False","","Queenstown","yes","True"
"790",0,3,"male",21,0,0,7.7333,"Q","Third","man","True","","Queenstown","no","True"
"791",0,3,"male",NA,0,0,7.7333,"Q","Third","man","True","","Queenstown","no","True"
"792",1,3,"female",NA,0,0,7.7333,"Q","Third","woman","False","","Queenstown","yes","True"
"793",0,3,"male",NA,0,0,7.7292,"Q","Third","man","True","","Queenstown","no","True"
"794",0,3,"male",NA,0,0,7.725,"Q","Third","man","True","","Queenstown","no","True"
"795",0,3,"male",25,0,0,7.65,"S","Third","man","True","F","Southampton","no","True"
"796",1,3,"female",21,0,0,7.65,"S","Third","woman","False","","Southampton","yes","True"
"797",0,3,"male",42,0,0,7.65,"S","Third","man","True","F","Southampton","no","True"
"798",0,3,"male",19,0,0,7.65,"S","Third","man","True","F","Southampton","no","True"
"799",0,3,"female",NA,0,0,7.6292,"Q","Third","woman","False","","Queenstown","no","True"
"800",0,3,"female",NA,0,0,7.55,"S","Third","woman","False","","Southampton","no","True"
"801",0,3,"male",NA,0,0,7.55,"S","Third","man","True","","Southampton","no","True"
"802",1,3,"female",23,0,0,7.55,"S","Third","woman","False","","Southampton","yes","True"
"803",0,3,"male",42,0,0,7.55,"S","Third","man","True","","Southampton","no","True"
"804",0,3,"male",22,0,0,7.5208,"S","Third","man","True","","Southampton","no","True"
"805",0,3,"male",24,0,0,7.4958,"S","Third","man","True","","Southampton","no","True"
"806",0,3,"male",36,0,0,7.4958,"S","Third","man","True","","Southampton","no","True"
"807",1,3,"female",18,0,0,7.4958,"S","Third","woman","False","","Southampton","yes","True"
"808",0,3,"male",NA,0,0,7.3125,"S","Third","man","True","","Southampton","no","True"
"809",0,3,"male",22,1,0,7.25,"S","Third","man","True","","Southampton","no","False"
"810",0,3,"male",59,0,0,7.25,"S","Third","man","True","","Southampton","no","True"
"811",0,3,"male",22,0,0,7.25,"S","Third","man","True","","Southampton","no","True"
"812",0,3,"male",20.5,0,0,7.25,"S","Third","man","True","","Southampton","no","True"
"813",0,3,"male",NA,0,0,7.25,"S","Third","man","True","","Southampton","no","True"
"814",0,3,"male",22,0,0,7.25,"S","Third","man","True","","Southampton","no","True"
"815",0,3,"male",30,0,0,7.25,"S","Third","man","True","","Southampton","no","True"
"816",1,3,"female",22,0,0,7.25,"S","Third","woman","False","","Southampton","yes","True"
"817",0,3,"male",NA,0,0,7.25,"S","Third","man","True","","Southampton","no","True"
"818",0,3,"male",NA,0,0,7.25,"S","Third","man","True","","Southampton","no","True"
"819",0,3,"male",21,0,0,7.25,"S","Third","man","True","","Southampton","no","True"
"820",0,3,"male",47,0,0,7.25,"S","Third","man","True","","Southampton","no","True"
"821",0,3,"male",25,0,0,7.25,"S","Third","man","True","","Southampton","no","True"
"822",1,3,"male",NA,0,0,7.2292,"C","Third","man","True","","Cherbourg","yes","True"
"823",0,3,"male",28.5,0,0,7.2292,"C","Third","man","True","","Cherbourg","no","True"
"824",0,3,"male",22,0,0,7.2292,"C","Third","man","True","","Cherbourg","no","True"
"825",0,3,"male",23.5,0,0,7.2292,"C","Third","man","True","","Cherbourg","no","True"
"826",0,3,"male",15,1,1,7.2292,"C","Third","child","False","","Cherbourg","no","False"
"827",1,3,"female",NA,0,0,7.2292,"C","Third","woman","False","","Cherbourg","yes","True"
"828",0,3,"male",NA,0,0,7.2292,"C","Third","man","True","","Cherbourg","no","True"
"829",0,3,"male",NA,0,0,7.2292,"C","Third","man","True","","Cherbourg","no","True"
"830",0,3,"male",17,1,1,7.2292,"C","Third","man","True","","Cherbourg","no","False"
"831",0,3,"male",NA,0,0,7.2292,"C","Third","man","True","","Cherbourg","no","True"
"832",1,3,"male",20,0,0,7.2292,"C","Third","man","True","","Cherbourg","yes","True"
"833",1,3,"female",13,0,0,7.2292,"C","Third","child","False","","Cherbourg","yes","True"
"834",0,3,"male",30,0,0,7.2292,"C","Third","man","True","","Cherbourg","no","True"
"835",0,3,"male",NA,0,0,7.2292,"C","Third","man","True","","Cherbourg","no","True"
"836",0,3,"male",NA,0,0,7.2292,"C","Third","man","True","","Cherbourg","no","True"
"837",1,3,"female",NA,0,0,7.225,"C","Third","woman","False","","Cherbourg","yes","True"
"838",0,3,"male",NA,0,0,7.225,"C","Third","man","True","","Cherbourg","no","True"
"839",0,3,"male",45.5,0,0,7.225,"C","Third","man","True","","Cherbourg","no","True"
"840",0,3,"male",30,0,0,7.225,"C","Third","man","True","","Cherbourg","no","True"
"841",0,3,"male",NA,0,0,7.225,"C","Third","man","True","","Cherbourg","no","True"
"842",0,3,"male",NA,0,0,7.225,"C","Third","man","True","","Cherbourg","no","True"
"843",1,3,"male",22,0,0,7.225,"C","Third","man","True","","Cherbourg","yes","True"
"844",0,3,"male",NA,0,0,7.225,"C","Third","man","True","","Cherbourg","no","True"
"845",0,3,"male",40,0,0,7.225,"C","Third","man","True","","Cherbourg","no","True"
"846",0,3,"male",25,0,0,7.225,"C","Third","man","True","","Cherbourg","no","True"
"847",0,3,"male",NA,0,0,7.225,"C","Third","man","True","","Cherbourg","no","True"
"848",1,3,"female",15,0,0,7.225,"C","Third","child","False","","Cherbourg","yes","True"
"849",1,3,"male",24,0,0,7.1417,"S","Third","man","True","","Southampton","yes","True"
"850",0,3,"male",22,0,0,7.125,"S","Third","man","True","","Southampton","no","True"
"851",0,3,"male",17,0,0,7.125,"S","Third","man","True","","Southampton","no","True"
"852",0,3,"male",35,0,0,7.125,"S","Third","man","True","","Southampton","no","True"
"853",0,3,"male",41,0,0,7.125,"S","Third","man","True","","Southampton","no","True"
"854",0,3,"male",51,0,0,7.0542,"S","Third","man","True","","Southampton","no","True"
"855",0,3,"male",17,1,0,7.0542,"S","Third","man","True","","Southampton","no","False"
"856",0,3,"male",20,0,0,7.05,"S","Third","man","True","","Southampton","no","True"
"857",0,3,"male",24,0,0,7.05,"S","Third","man","True","","Southampton","no","True"
"858",0,3,"male",35,0,0,7.05,"S","Third","man","True","","Southampton","no","True"
"859",0,3,"male",38,0,0,7.05,"S","Third","man","True","","Southampton","no","True"
"860",0,3,"male",NA,0,0,7.05,"S","Third","man","True","","Southampton","no","True"
"861",0,3,"male",25,0,0,7.05,"S","Third","man","True","","Southampton","no","True"
"862",0,3,"male",25,0,0,7.05,"S","Third","man","True","","Southampton","no","True"
"863",0,3,"male",29,1,0,7.0458,"S","Third","man","True","","Southampton","no","False"
"864",0,3,"male",45,0,0,6.975,"S","Third","man","True","","Southampton","no","True"
"865",1,3,"male",27,0,0,6.975,"S","Third","man","True","","Southampton","yes","True"
"866",0,3,"male",NA,0,0,6.95,"Q","Third","man","True","","Queenstown","no","True"
"867",0,3,"male",NA,0,0,6.8583,"Q","Third","man","True","","Queenstown","no","True"
"868",0,3,"male",19,0,0,6.75,"Q","Third","man","True","","Queenstown","no","True"
"869",0,3,"female",18,0,0,6.75,"Q","Third","woman","False","","Queenstown","no","True"
"870",0,3,"male",34,0,0,6.4958,"S","Third","man","True","","Southampton","no","True"
"871",0,3,"male",18,1,0,6.4958,"S","Third","man","True","","Southampton","no","False"
"872",0,3,"male",43,0,0,6.45,"S","Third","man","True","","Southampton","no","True"
"873",0,3,"male",34.5,0,0,6.4375,"C","Third","man","True","","Cherbourg","no","True"
"874",0,3,"male",61,0,0,6.2375,"S","Third","man","True","","Southampton","no","True"
"875",0,1,"male",33,0,0,5,"S","First","man","True","B","Southampton","no","True"
"876",0,3,"male",20,0,0,4.0125,"C","Third","man","True","","Cherbourg","no","True"
"877",0,3,"male",36,0,0,0,"S","Third","man","True","","Southampton","no","True"
"878",0,1,"male",40,0,0,0,"S","First","man","True","B","Southampton","no","True"
"879",1,3,"male",25,0,0,0,"S","Third","man","True","","Southampton","yes","True"
"880",0,2,"male",NA,0,0,0,"S","Second","man","True","","Southampton","no","True"
"881",0,3,"male",19,0,0,0,"S","Third","man","True","","Southampton","no","True"
"882",0,2,"male",NA,0,0,0,"S","Second","man","True","","Southampton","no","True"
"883",0,2,"male",NA,0,0,0,"S","Second","man","True","","Southampton","no","True"
"884",0,2,"male",NA,0,0,0,"S","Second","man","True","","Southampton","no","True"
"885",0,3,"male",49,0,0,0,"S","Third","man","True","","Southampton","no","True"
"886",0,1,"male",NA,0,0,0,"S","First","man","True","","Southampton","no","True"
"887",0,2,"male",NA,0,0,0,"S","Second","man","True","","Southampton","no","True"
"888",0,2,"male",NA,0,0,0,"S","Second","man","True","","Southampton","no","True"
"889",0,1,"male",39,0,0,0,"S","First","man","True","A","Southampton","no","True"
"890",0,1,"male",NA,0,0,0,"S","First","man","True","B","Southampton","no","True"
"891",0,1,"male",38,0,0,0,"S","First","man","True","","Southampton","no","True"
